{
    "Region": {
        "0": "Regi\u00f3n Metropolitana de Santiago",
        "1": "Regi\u00f3n de Antofagasta",
        "2": "Regi\u00f3n de Arica y Parinacota",
        "3": "Regi\u00f3n de Atacama",
        "4": "Regi\u00f3n de Ays\u00e9n del Gral.Iba\u00f1ez del Campo",
        "5": "Regi\u00f3n de Coquimbo",
        "6": "Regi\u00f3n de La Araucan\u00eda",
        "7": "Regi\u00f3n de Los Lagos",
        "8": "Regi\u00f3n de Los R\u00edos",
        "9": "Regi\u00f3n de Magallanes y Ant\u00e1rtica Chilena",
        "10": "Regi\u00f3n de Tarapac\u00e1",
        "11": "Regi\u00f3n de Valpara\u00edso",
        "12": "Regi\u00f3n de \u00d1uble",
        "13": "Regi\u00f3n del B\u00edo-B\u00edo",
        "14": "Regi\u00f3n del Libertador Bernardo O'Higgins",
        "15": "Regi\u00f3n del Maule",
        "16": "Zona sin demarcar"
    },
    "cantidad_especies_unicas": {
        "0": 2958,
        "1": 1752,
        "2": 1186,
        "3": 1440,
        "4": 1567,
        "5": 2445,
        "6": 2893,
        "7": 3329,
        "8": 2067,
        "9": 2981,
        "10": 736,
        "11": 4472,
        "12": 1661,
        "13": 2846,
        "14": 1419,
        "15": 2667,
        "16": 3
    },
    "porcentaje_especies": {
        "0": 8.1206432845,
        "1": 4.8109116856,
        "2": 3.2575882321,
        "3": 3.9546627147,
        "4": 4.3031999561,
        "5": 6.7127723805,
        "6": 7.9422580822,
        "7": 9.1388111312,
        "8": 5.6753938196,
        "9": 8.1837642022,
        "10": 2.0226137549,
        "11": 12.2756463033,
        "12": 4.5611724024,
        "13": 7.813271859,
        "14": 3.8970305725,
        "15": 7.3220264559,
        "16": 0.0082331632
    }
}