{"Region":{"0":"Regi\u00f3n Metropolitana de Santiago","1":"Regi\u00f3n de Antofagasta","2":"Regi\u00f3n de Arica y Parinacota","3":"Regi\u00f3n de Atacama","4":"Regi\u00f3n de Ays\u00e9n del Gral.Iba\u00f1ez del Campo","5":"Regi\u00f3n de Coquimbo","6":"Regi\u00f3n de La Araucan\u00eda","7":"Regi\u00f3n de Los Lagos","8":"Regi\u00f3n de Los R\u00edos","9":"Regi\u00f3n de Magallanes y Ant\u00e1rtica Chilena","10":"Regi\u00f3n de Tarapac\u00e1","11":"Regi\u00f3n de Valpara\u00edso","12":"Regi\u00f3n de \u00d1uble","13":"Regi\u00f3n del B\u00edo-B\u00edo","14":"Regi\u00f3n del Libertador Bernardo O'Higgins","15":"Regi\u00f3n del Maule","16":"Zona sin demarcar"},"cantidad_animales":{"0":1386346,"1":135483,"2":378977,"3":157750,"4":267999,"5":504292,"6":357756,"7":1012927,"8":383517,"9":751076,"10":58002,"11":1454699,"12":70154,"13":345807,"14":289975,"15":340523,"16":4},"porcentaje":{"0":17.5591590274,"1":1.7159984178,"2":4.8000408345,"3":1.9980274308,"4":3.3944174544,"5":6.3872535603,"6":4.5312602316,"7":12.8295146206,"8":4.857543494,"9":9.5129664064,"10":0.7346408053,"11":18.4249033632,"12":0.8885554129,"13":4.3799167782,"14":3.6727607242,"15":4.3129907754,"16":0.0000506631}}